,
,
,
,
,
,
,
,
,
,
,
,
,
,
,
,
,
,
,
,
,
,
,
,
,
,
,
,
,
,
,
,
,
,
https://www.youtube.com/watch?v=sylJj8QEu00,5 Essential Tips for a Healthy Spine While Working from Home | Spine Mantra
https://www.youtube.com/watch?v=1lA0e5lcxOY,How to Avoid Back Pain While Cooking in the Kitchen | Spine mantra | Physiotherapy
https://www.youtube.com/watch?v=MW5ROmEMq0U,Preventing Sciatica Pain in Students: Tips for a Pain-Free Semester | Spine mantra
https://www.youtube.com/watch?v=uGCC764jA0Q,Neck pain relief | Debunking cervical collar myths and effective solution | Spine mantra
https://www.youtube.com/watch?v=HDQHNDifRbk,Truth About Floor-Sleeping and Back Pain |  Debunking Myths and Exploring Solutions
https://www.youtube.com/watch?v=RW-NqqHDqpg,Pregnancy Spine Care | Lifting Tips for Moms | Spine Mantra | Pregnancy Tips | Back Pain
https://www.youtube.com/watch?v=6vIQqfSLMJ8,Understanding Cervicogenic Headaches: How Physiotherapy Can Provide Relief | Migraine |
https://www.youtube.com/watch?v=xUp0P_9HzSQ,Back Pain Relief | What NOT to Wear for a Healthy Spine | Spine Mantra Tips | Orthopedic
https://www.youtube.com/watch?v=HyrKR37P8gE,Simple Chin Tucking Exercise for Better Posture and Neck Pain Relief!
https://www.youtube.com/watch?v=MRWMzjTWLn4,Holistic Back Pain Relief for Homemakers: Discover the Transformative Power of Spine Mantra
https://www.youtube.com/watch?v=kp7hMPvECQg,7 Practical Tips to Manage Back Pain While Cooking - Spine Mantra
https://www.youtube.com/watch?v=JJ0yYvngVjQ,Unlock Your Potential with Spine Mantra: Personalized Spine Care for Limitless Living!
https://www.youtube.com/watch?v=fOghvbz0mP8,Neck pain Myths Debunked! Don't fall for these Neck Pain Misconceptions
https://www.youtube.com/watch?v=Y3TMzXllPBg,"Understanding Lumbar Canal Stenosis: Prognosis, Treatments, and Management | Spine Mantra"
https://www.youtube.com/watch?v=WbIzpWmI8Bo,Don't Ignore These Neck Pain Red Flags! | Spine Mantra
https://www.youtube.com/watch?v=oBc5ThBzwEo,Navigating Lumbar Canal Stenosis: Understanding Prognosis and Treatment | Spine mantra
https://www.youtube.com/watch?v=xlmB66eWRqc,Ankylosing Spondylitis Prognosis: Insights from Recent Research
https://www.youtube.com/watch?v=QZA5t2YP9OQ,"Understanding Cauda Equina Syndrome|  Symptoms, Causes, and Treatment | Spine mantra"
https://www.youtube.com/watch?v=x90pW-G7XIM,Discover the Spine Mantra Difference: Specialized Spine Care and Patient Empowerment
https://www.youtube.com/watch?v=cgtK2_wm_nA,"Preventing Back Pain: Myths, Exercises, and Tips for a Healthy Spine | Spine Mantra | Physiotherapy"
https://www.youtube.com/watch?v=mrxfVENhONM,Managing Back Pain During Pregnancy | Tips and Exercises | Spine mantra | Physiotherapy
https://www.youtube.com/watch?v=hWU9hLyO5LA,Back Pain Relief | Choosing the Right Shoes for a Healthy Spine | Spine Mantra | Podiatrists
