url,title
https://www.youtube.com/watch?v=QQ0Z3LQaAH0,Fix Your Hunched Shoulders and Neck Pain Fast! üßë‚Äç‚öïÔ∏è Top Tips from Spine Experts
https://www.youtube.com/watch?v=-GZFNZUVfP8,7 Simple Changes to Relieve Neck & Upper Back Pain | Spine Mantra Tips
https://www.youtube.com/watch?v=8xMLhAsiKpc,Neck Pain Relief Tips for the Kitchen: Consult Spine Mantra Clinic for Lasting Solutions
https://www.youtube.com/watch?v=puqQrkcVfVE,Your Solution to Desk Job Spine problems | Spine Mantra
https://www.youtube.com/watch?v=FVVFaI4CaT8,Say Goodbye to Tailbone Pain! Effective Home Remedies for Coccydynia Relief
https://www.youtube.com/watch?v=DZ_a9SzzC-I,Strengthen Your Back and Core to Say Goodbye to Back Pain
https://www.youtube.com/watch?v=RDZ0djletK0,When to Seek Medical Attention for Neck Pain and Headaches | Spine Mantra
https://www.youtube.com/watch?v=GNb_YcVjufk,Uncover the Truth About Chronic Neck Pain: Why Your Stretches Aren't Working | Spine mantra
https://www.youtube.com/watch?v=au4npVclc4E,Preventing Back Pain: Tips and Exercises for a Healthy Spine | Spine mantra
https://www.youtube.com/watch?v=iWtzbmr25jw,"Unveiling the Mystery of Spondylitis: Symptoms, Diagnosis, and Management | Spine mantra"
https://www.youtube.com/watch?v=cMEpXwdgpMM,Causes of Lumbar Canal Stenosis | Understanding the Factors Behind Spinal Narrowing | Spine mantra
https://www.youtube.com/watch?v=U-Q7tq_TMRY,The Power of Vitamins for Sciatica Management | Spine Mantra | Sciatica
https://www.youtube.com/watch?v=b-zvR8ZLTIQ,Driving with Back Pain? Expert Tips for a Happy Spine On the Go! | Spine Mantra| Car driving
https://www.youtube.com/watch?v=p0eAKAJMrWY&t=3s,5 Tips to Relieve Joint Pain in Cold Weather | Pain relief | Spine mantra | Physiotherapy
https://www.youtube.com/watch?v=au4npVclc4E,Preventing Back Pain: Tips and Exercises for a Healthy Spine | Spine mantra
https://www.youtube.com/watch?v=cMEpXwdgpMM,Causes of Lumbar Canal Stenosis | Understanding the Factors Behind Spinal Narrowing | Spine mantra
https://www.youtube.com/watch?v=U-Q7tq_TMRY,The Power of Vitamins for Sciatica Management | Spine Mantra | Sciatica
https://www.youtube.com/watch?v=b-zvR8ZLTIQ,Driving with Back Pain? Expert Tips for a Happy Spine On the Go! | Spine Mantra| Car driving
https://www.youtube.com/watch?v=p0eAKAJMrWY&t=3s,5 Tips to Relieve Joint Pain in Cold Weather | Pain relief | Spine mantra | Physiotherapy
https://www.youtube.com/watch?v=SEqFc8_cA7w,"""Conquer Back Pain: Essential Tips for Bikers üö¥‚Äç‚ôÇÔ∏èü©∫"""
https://www.youtube.com/watch?v=SXRtHH4DdYQ,Top 8 Causes of Neck Pain and How to Find Relief with Spine Mantra
https://www.youtube.com/watch?v=VGVBkE-8B0g,Managing Ankylosing Spondylitis with Spine Mantra: Reclaim Control Over Your Life
https://www.youtube.com/watch?v=dA3EaFQHcZg,Say Goodbye to Desk Job Back Pain with Spine Mantra
https://www.youtube.com/watch?v=7vPsIMy_Z08,"Understanding Tailbone Pain: Causes, Symptoms, and Solutions | Spine Mantra"
https://www.youtube.com/watch?v=ZHdu9_Z5nvo,The Prognosis of Ankylosing Spondylitis: Insights from Recent Research | Spine Mantra
https://www.youtube.com/watch?v=SWBv2shxsko,Desk Stretches for Back Pain Relief: Easy Exercises for Office Workers | Spine mantra | Physio
https://www.youtube.com/watch?v=d5TCMQYje00,The Ultimate Guide to Sleeping for Neck Health | Spine Mantra
https://www.youtube.com/watch?v=n6OKawFGOXo,Neck Pain Myths Busted! Your Guide to a Pain-Free Neck | Spine mantra
https://www.youtube.com/watch?v=yVUa7GWCkZE,Benefits of Taking Posture Breaks for Desk Workers | Spine Mantra
https://www.youtube.com/watch?v=4VuABkoV--s,Homemaker's Guide to Living Pain-Free | Back Pain and Sciatica Relief | Spine Mantra | Physiotherapy
https://www.youtube.com/watch?v=8lyrW8y3Ar4,The Perfect Pillow | Your Key to a Healthier Spine | Spine Mantra
https://www.youtube.com/watch?v=oNOeB96f_V8,Backpacks & Spine Health| The Ergonomic Solution for Kids | Spine Mantra
https://www.youtube.com/watch?v=f8yaVFCd2qw,Pregnancy and Back Pain| Tips for Moms | Spine Mantra | Pregnancy tips | Backpain
https://www.youtube.com/watch?v=n6OKawFGOXo,Neck Pain Myths Busted! Your Guide to a Pain-Free Neck | Spine mantra
https://www.youtube.com/watch?v=4VuABkoV--s,Homemaker's Guide to Living Pain-Free | Back Pain and Sciatica Relief | Spine Mantra | Physiotherapy
https://www.youtube.com/watch?v=8lyrW8y3Ar4,The Perfect Pillow | Your Key to a Healthier Spine | Spine Mantra
https://www.youtube.com/watch?v=oNOeB96f_V8,Backpacks & Spine Health| The Ergonomic Solution for Kids | Spine Mantra
https://www.youtube.com/watch?v=f8yaVFCd2qw,Pregnancy and Back Pain| Tips for Moms | Spine Mantra | Pregnancy tips | Backpain
https://www.youtube.com/watch?v=m6e5x27GOq0,7 Essential Back Pain Tips from a Physiotherapist! ü©∫ Say Goodbye to Back Pain!
https://www.youtube.com/watch?v=AETdWlmzdBw,How to Correct Postural Kyphosis and Relieve Neck Pain | Spine Mantra Physiotherapy Tips
https://www.youtube.com/watch?v=bCfEbmUiTxg,‡¶Æ‡ßá‡¶∞‡ßÅ‡¶¶‡¶®‡ßç‡¶°‡ßá‡¶∞ ‡¶¨‡ßç‡¶Ø‡¶•‡¶æ‡¶∞ ‡¶∏‡¶Æ‡¶æ‡¶ß‡¶æ‡¶® - ‡¶∏‡ßç‡¶™‡¶æ‡¶á‡¶® ‡¶Æ‡¶®‡ßç‡¶§‡ßç‡¶∞‡ßá ‡¶´‡¶ø‡¶∞‡ßá ‡¶™‡¶æ‡¶® ‡¶Ü‡¶™‡¶®‡¶æ‡¶∞ ‡¶ú‡ßÄ‡¶¨‡¶®
https://www.youtube.com/watch?v=sSEGc-1E94w,Discover Freedom from Spine Pain with Spine Mantra: Personalized Care for a Pain-Free Future!
https://www.youtube.com/watch?v=vr3L46MVsvw,"Understanding Electrotherapy: Benefits, Risks, and the Importance of Balance in Healthcare"
https://www.youtube.com/watch?v=JkIrJ2Pi6zA,Managing Sciatica During Exams: Tips for Students | Spine Mantra
https://www.youtube.com/watch?v=sylJj8QEu00,5 Essential Tips for a Healthy Spine While Working from Home | Spine Mantra
https://www.youtube.com/watch?v=1lA0e5lcxOY,How to Avoid Back Pain While Cooking in the Kitchen | Spine mantra | Physiotherapy
https://www.youtube.com/watch?v=MW5ROmEMq0U,Preventing Sciatica Pain in Students: Tips for a Pain-Free Semester | Spine mantra
https://www.youtube.com/watch?v=uGCC764jA0Q,Neck pain relief | Debunking cervical collar myths and effective solution | Spine mantra
https://www.youtube.com/watch?v=HDQHNDifRbk,Truth About Floor-Sleeping and Back Pain |  Debunking Myths and Exploring Solutions
https://www.youtube.com/watch?v=RW-NqqHDqpg,Pregnancy Spine Care | Lifting Tips for Moms | Spine Mantra | Pregnancy Tips | Back Pain
https://www.youtube.com/watch?v=6vIQqfSLMJ8,Understanding Cervicogenic Headaches: How Physiotherapy Can Provide Relief | Migraine |
https://www.youtube.com/watch?v=xUp0P_9HzSQ,Back Pain Relief | What NOT to Wear for a Healthy Spine | Spine Mantra Tips | Orthopedic
https://www.youtube.com/watch?v=MW5ROmEMq0U,Preventing Sciatica Pain in Students: Tips for a Pain-Free Semester | Spine mantra
https://www.youtube.com/watch?v=HDQHNDifRbk,Truth About Floor-Sleeping and Back Pain |  Debunking Myths and Exploring Solutions
https://www.youtube.com/watch?v=RW-NqqHDqpg,Pregnancy Spine Care | Lifting Tips for Moms | Spine Mantra | Pregnancy Tips | Back Pain
https://www.youtube.com/watch?v=6vIQqfSLMJ8,Understanding Cervicogenic Headaches: How Physiotherapy Can Provide Relief | Migraine |
https://www.youtube.com/watch?v=xUp0P_9HzSQ,Back Pain Relief | What NOT to Wear for a Healthy Spine | Spine Mantra Tips | Orthopedic
https://www.youtube.com/watch?v=HyrKR37P8gE,Simple Chin Tucking Exercise for Better Posture and Neck Pain Relief!
https://www.youtube.com/watch?v=MRWMzjTWLn4,Holistic Back Pain Relief for Homemakers: Discover the Transformative Power of Spine Mantra
https://www.youtube.com/watch?v=kp7hMPvECQg,7 Practical Tips to Manage Back Pain While Cooking - Spine Mantra
https://www.youtube.com/watch?v=JJ0yYvngVjQ,Unlock Your Potential with Spine Mantra: Personalized Spine Care for Limitless Living!
https://www.youtube.com/watch?v=fOghvbz0mP8,Neck pain Myths Debunked! Don't fall for these Neck Pain Misconceptions
https://www.youtube.com/watch?v=Y3TMzXllPBg,"Understanding Lumbar Canal Stenosis: Prognosis, Treatments, and Management | Spine Mantra"
https://www.youtube.com/watch?v=WbIzpWmI8Bo,Don't Ignore These Neck Pain Red Flags! | Spine Mantra
https://www.youtube.com/watch?v=oBc5ThBzwEo,Navigating Lumbar Canal Stenosis: Understanding Prognosis and Treatment | Spine mantra
https://www.youtube.com/watch?v=xlmB66eWRqc,Ankylosing Spondylitis Prognosis: Insights from Recent Research
https://www.youtube.com/watch?v=QZA5t2YP9OQ,"Understanding Cauda Equina Syndrome|  Symptoms, Causes, and Treatment | Spine mantra"
https://www.youtube.com/watch?v=x90pW-G7XIM,Discover the Spine Mantra Difference: Specialized Spine Care and Patient Empowerment
https://www.youtube.com/watch?v=cgtK2_wm_nA,"Preventing Back Pain: Myths, Exercises, and Tips for a Healthy Spine | Spine Mantra | Physiotherapy"
https://www.youtube.com/watch?v=mrxfVENhONM,Managing Back Pain During Pregnancy | Tips and Exercises | Spine mantra | Physiotherapy
https://www.youtube.com/watch?v=hWU9hLyO5LA,Back Pain Relief | Choosing the Right Shoes for a Healthy Spine | Spine Mantra | Podiatrists
https://www.youtube.com/watch?v=xlmB66eWRqc,Ankylosing Spondylitis Prognosis: Insights from Recent Research
https://www.youtube.com/watch?v=x90pW-G7XIM,Discover the Spine Mantra Difference: Specialized Spine Care and Patient Empowerment
https://www.youtube.com/watch?v=cgtK2_wm_nA,"Preventing Back Pain: Myths, Exercises, and Tips for a Healthy Spine | Spine Mantra | Physiotherapy"
https://www.youtube.com/watch?v=mrxfVENhONM,Managing Back Pain During Pregnancy | Tips and Exercises | Spine mantra | Physiotherapy
https://www.youtube.com/watch?v=hWU9hLyO5LA,Back Pain Relief | Choosing the Right Shoes for a Healthy Spine | Spine Mantra | Podiatrists
